input_token,cat,dog,lay,mat,on,rug,sat,the
cat,-0.64806377,-0.64806377,1.96858489,-0.64806377,-0.64806377,-0.64806377,1.91979772,-0.64806377
dog,-0.64806377,-0.64806377,1.96858489,-0.64806377,-0.64806377,-0.64806377,1.91979772,-0.64806377
lay,-0.49840168,-0.49840168,-0.49840168,-0.49840168,3.48881173,-0.49840168,-0.49840168,-0.49840168
mat,-0.37687335,-0.37687335,-0.37687335,-0.37687335,-0.37687335,-0.37687335,-0.37687335,2.63811342
on,-0.60666153,-0.60666153,-0.60666153,-0.60666153,-0.60666153,-0.60666153,-0.60666153,4.24663069
rug,-0.49840168,-0.49840168,-0.49840168,-0.49840168,-0.49840168,-0.49840168,-0.49840168,3.48881173
sat,-0.49840168,-0.49840168,-0.49840168,-0.49840168,3.48881173,-0.49840168,-0.49840168,-0.49840168
the,1.41182447,1.46178577,-1.44928568,1.46299237,-1.44928568,1.46054011,-1.44928568,-1.44928568
