row,label,x,y
0,cat,-0.64806377,-0.64806377
1,dog,-0.64806377,-0.64806377
2,lay,-0.49840168,-0.49840168
3,mat,-0.37687335,-0.37687335
4,on,-0.60666153,-0.60666153
5,rug,-0.49840168,-0.49840168
6,sat,-0.49840168,-0.49840168
7,the,1.41182447,1.46178577
